method,kl_div,seed,p,n
cslearn+pc (map),0.0118106211558864,1,5,250
cslearn+pc (map),0.1061313723182398,2,5,250
cslearn+pc (map),0.0743592849136003,3,5,250
cslearn+pc (map),0.0673680088671822,4,5,250
cslearn+pc (map),0.0455691808805982,5,5,250
cslearn+pc (map),0.101542309169232,6,5,250
cslearn+pc (map),0.1269102426604817,7,5,250
cslearn+pc (map),0.1042458328074847,8,5,250
cslearn+pc (map),0.0433335998107529,9,5,250
cslearn+pc (map),0.1138383949170332,10,5,250
cslearn+pc (mle),0.1201140975461217,1,5,250
cslearn+pc (mle),0.1076222149262642,2,5,250
cslearn+pc (mle),0.0792833214481892,3,5,250
cslearn+pc (mle),0.0675261001967246,4,5,250
cslearn+pc (mle),0.045737746704448,5,5,250
cslearn+pc (mle),0.101518363847017,6,5,250
cslearn+pc (mle),0.1635926321109323,7,5,250
cslearn+pc (mle),0.1343664301467462,8,5,250
cslearn+pc (mle),0.1242101680230889,9,5,250
cslearn+pc (mle),0.1898405265108649,10,5,250
cslearn+pc (map),0.0189146813525096,1,5,500
cslearn+pc (map),0.0294146329077961,2,5,500
cslearn+pc (map),0.0350194910415535,3,5,500
cslearn+pc (map),0.0822827592156719,4,5,500
cslearn+pc (map),0.0141476212050302,5,5,500
cslearn+pc (map),0.0137693439934376,6,5,500
cslearn+pc (map),0.0762549208265447,7,5,500
cslearn+pc (map),0.0157310530103708,8,5,500
cslearn+pc (map),0.0226863147402718,9,5,500
cslearn+pc (map),0.1157901528464633,10,5,500
cslearn+pc (mle),0.0198398877366992,1,5,500
cslearn+pc (mle),0.0301122470808614,2,5,500
cslearn+pc (mle),0.0353098198092999,3,5,500
cslearn+pc (mle),0.082586960210343,4,5,500
cslearn+pc (mle),0.0203899982050143,5,5,500
cslearn+pc (mle),0.0142038125355421,6,5,500
cslearn+pc (mle),0.1164554899009348,7,5,500
cslearn+pc (mle),0.0163962252206746,8,5,500
cslearn+pc (mle),0.0471308655862044,9,5,500
cslearn+pc (mle),0.1159764278414666,10,5,500
cslearn+pc (map),0.0053553131807533,1,5,1000
cslearn+pc (map),0.0309659403037147,2,5,1000
cslearn+pc (map),0.0257641412494978,3,5,1000
cslearn+pc (map),0.0524237483590445,4,5,1000
cslearn+pc (map),0.0022394826833135,5,5,1000
cslearn+pc (map),0.0378797707677002,6,5,1000
cslearn+pc (map),0.080153005341643,7,5,1000
cslearn+pc (map),0.0101556377268681,8,5,1000
cslearn+pc (map),0.0284420908776364,9,5,1000
cslearn+pc (map),0.1156901693925779,10,5,1000
cslearn+pc (mle),0.006280777889121,1,5,1000
cslearn+pc (mle),0.0312274497958329,2,5,1000
cslearn+pc (mle),0.0259295200157443,3,5,1000
cslearn+pc (mle),0.0524346342123022,4,5,1000
cslearn+pc (mle),0.0089760869166676,5,5,1000
cslearn+pc (mle),0.0379511179806948,6,5,1000
cslearn+pc (mle),0.0802576599670762,7,5,1000
cslearn+pc (mle),0.0104436391317102,8,5,1000
cslearn+pc (mle),0.0284184658468062,9,5,1000
cslearn+pc (mle),0.1158645432470835,10,5,1000
cslearn+pc (map),0.0034482762458274,1,5,10000
cslearn+pc (map),0.0426219264642314,2,5,10000
cslearn+pc (map),0.0088952599941393,3,5,10000
cslearn+pc (map),0.0277517404743137,4,5,10000
cslearn+pc (map),0.0036926946393246,5,5,10000
cslearn+pc (map),0.0029469680312199,6,5,10000
cslearn+pc (map),0.0012200536471226,7,5,10000
cslearn+pc (map),0.0011126522082369,8,5,10000
cslearn+pc (map),0.0401330768834427,9,5,10000
cslearn+pc (map),0.0007753877554722,10,5,10000
cslearn+pc (mle),0.0034583389454189,1,5,10000
cslearn+pc (mle),0.0426207315654499,2,5,10000
cslearn+pc (mle),0.0088977036482654,3,5,10000
cslearn+pc (mle),0.0277676788102623,4,5,10000
cslearn+pc (mle),0.0036953102928748,5,5,10000
cslearn+pc (mle),0.0029481289870984,6,5,10000
cslearn+pc (mle),0.0012202283409413,7,5,10000
cslearn+pc (mle),0.0011109065273332,8,5,10000
cslearn+pc (mle),0.0401361540080797,9,5,10000
cslearn+pc (mle),0.0007774479225491,10,5,10000
cslearn+pc (map),0.1058645090426462,1,7,250
cslearn+pc (map),0.1264419721783957,2,7,250
cslearn+pc (map),0.1585032200230975,3,7,250
cslearn+pc (map),0.1543640381581088,4,7,250
cslearn+pc (map),0.2063644569549735,5,7,250
cslearn+pc (map),0.1926751511459061,6,7,250
cslearn+pc (map),0.2765880825132257,7,7,250
cslearn+pc (map),0.1631489353683904,8,7,250
cslearn+pc (map),0.1995116852315109,9,7,250
cslearn+pc (map),0.2627194207999698,10,7,250
cslearn+pc (mle),0.1081956048012125,1,7,250
cslearn+pc (mle),0.1259808434938112,2,7,250
cslearn+pc (mle),0.159586774409189,3,7,250
cslearn+pc (mle),0.1544418870088894,4,7,250
cslearn+pc (mle),0.2094367338234449,5,7,250
cslearn+pc (mle),0.2191712881070399,6,7,250
cslearn+pc (mle),0.2774620638083217,7,7,250
cslearn+pc (mle),0.1638309797260311,8,7,250
cslearn+pc (mle),0.2487287304855839,9,7,250
cslearn+pc (mle),0.2848549911975224,10,7,250
cslearn+pc (map),0.0123844396554601,1,7,500
cslearn+pc (map),0.1141776902710472,2,7,500
cslearn+pc (map),0.0849597597213734,3,7,500
cslearn+pc (map),0.1468223060910579,4,7,500
cslearn+pc (map),0.1812311058322609,5,7,500
cslearn+pc (map),0.1291813453543052,6,7,500
cslearn+pc (map),0.2299190932029297,7,7,500
cslearn+pc (map),0.1077357526872929,8,7,500
cslearn+pc (map),0.1728853413851468,9,7,500
cslearn+pc (map),0.2022649292080194,10,7,500
cslearn+pc (mle),0.014454209324068,1,7,500
cslearn+pc (mle),0.1140536018510833,2,7,500
cslearn+pc (mle),0.0849992983846374,3,7,500
cslearn+pc (mle),0.1465803454376159,4,7,500
cslearn+pc (mle),0.1846469396521071,5,7,500
cslearn+pc (mle),0.1558452495604801,6,7,500
cslearn+pc (mle),0.2298035649841654,7,7,500
cslearn+pc (mle),0.1155705597547788,8,7,500
cslearn+pc (mle),0.2232399298346368,9,7,500
cslearn+pc (mle),0.2249143936205984,10,7,500
cslearn+pc (map),0.0158562393608175,1,7,1000
cslearn+pc (map),0.1047488638472253,2,7,1000
cslearn+pc (map),0.0439145459733741,3,7,1000
cslearn+pc (map),0.1129187975105295,4,7,1000
cslearn+pc (map),0.0262212421258034,5,7,1000
cslearn+pc (map),0.2450238164083181,6,7,1000
cslearn+pc (map),0.1656137376977105,7,7,1000
cslearn+pc (map),0.1008986868790857,8,7,1000
cslearn+pc (map),0.1305686033204094,9,7,1000
cslearn+pc (map),0.0659081190063711,10,7,1000
cslearn+pc (mle),0.0158183350818998,1,7,1000
cslearn+pc (mle),0.1099999391728593,2,7,1000
cslearn+pc (mle),0.0438608524504025,3,7,1000
cslearn+pc (mle),0.1128130523719957,4,7,1000
cslearn+pc (mle),0.0265332530295863,5,7,1000
cslearn+pc (mle),0.2452402241145465,6,7,1000
cslearn+pc (mle),0.1655995089598359,7,7,1000
cslearn+pc (mle),0.1091355265710072,8,7,1000
cslearn+pc (mle),0.1311148255873629,9,7,1000
cslearn+pc (mle),0.0660640342771255,10,7,1000
cslearn+pc (map),0.0019775785778203,1,7,10000
cslearn+pc (map),0.077409032171784,2,7,10000
cslearn+pc (map),0.1149068269424242,3,7,10000
cslearn+pc (map),0.0659708084434147,4,7,10000
cslearn+pc (map),0.012307288846539,5,7,10000
cslearn+pc (map),0.0028064297161024,6,7,10000
cslearn+pc (map),0.1874109153465369,7,7,10000
cslearn+pc (map),0.0618608604407753,8,7,10000
cslearn+pc (map),0.0144290623100218,9,7,10000
cslearn+pc (map),0.1388736993874851,10,7,10000
cslearn+pc (mle),0.0019656643099333,1,7,10000
cslearn+pc (mle),0.0774025045107968,2,7,10000
cslearn+pc (mle),0.1149067486440522,3,7,10000
cslearn+pc (mle),0.0659639321356772,4,7,10000
cslearn+pc (mle),0.0123176846140049,5,7,10000
cslearn+pc (mle),0.0028082503929059,6,7,10000
cslearn+pc (mle),0.1874103060332093,7,7,10000
cslearn+pc (mle),0.0618692937506562,8,7,10000
cslearn+pc (mle),0.0144329235900048,9,7,10000
cslearn+pc (mle),0.1388728532607815,10,7,10000
cslearn+pc (map),0.2954390264121798,1,10,250
cslearn+pc (map),0.2787854475445583,2,10,250
cslearn+pc (map),0.2827445295219655,3,10,250
cslearn+pc (map),0.2996362231227776,4,10,250
cslearn+pc (map),0.2552245877271307,5,10,250
cslearn+pc (map),0.2341864571874475,6,10,250
cslearn+pc (map),0.4884267081793204,7,10,250
cslearn+pc (map),0.4298029767754793,8,10,250
cslearn+pc (map),0.3361059375664353,9,10,250
cslearn+pc (map),0.3356318935624933,10,10,250
cslearn+pc (mle),0.2955493535125537,1,10,250
cslearn+pc (mle),0.2827399198491462,2,10,250
cslearn+pc (mle),0.2836639165651801,3,10,250
cslearn+pc (mle),0.2998052579718976,4,10,250
cslearn+pc (mle),0.267415621352103,5,10,250
cslearn+pc (mle),0.2345892000903775,6,10,250
cslearn+pc (mle),0.5051436705221364,7,10,250
cslearn+pc (mle),0.460664967362344,8,10,250
cslearn+pc (mle),0.3888087255724187,9,10,250
cslearn+pc (mle),0.3369886244172517,10,10,250
cslearn+pc (map),0.2771903698160187,1,10,500
cslearn+pc (map),0.159706298434259,2,10,500
cslearn+pc (map),0.2689089220751238,3,10,500
cslearn+pc (map),0.2188687026640283,4,10,500
cslearn+pc (map),0.0893698558588842,5,10,500
cslearn+pc (map),0.1390020846874334,6,10,500
cslearn+pc (map),0.5320453620826308,7,10,500
cslearn+pc (map),0.4763973405977658,8,10,500
cslearn+pc (map),0.3430383827940688,9,10,500
cslearn+pc (map),0.4575753300190459,10,10,500
cslearn+pc (mle),0.2781590750635929,1,10,500
cslearn+pc (mle),0.1743948803407201,2,10,500
cslearn+pc (mle),0.2694913390954764,3,10,500
cslearn+pc (mle),0.2188822033999761,4,10,500
cslearn+pc (mle),0.0994099267249235,5,10,500
cslearn+pc (mle),0.1454283113802569,6,10,500
cslearn+pc (mle),0.5320098362097547,7,10,500
cslearn+pc (mle),0.4766477545227764,8,10,500
cslearn+pc (mle),0.3434043647349233,9,10,500
cslearn+pc (mle),0.4579724343682931,10,10,500
cslearn+pc (map),0.1548459388274782,1,10,1000
cslearn+pc (map),0.1255626267646811,2,10,1000
cslearn+pc (map),0.1450287493158407,3,10,1000
cslearn+pc (map),0.1967213958547304,4,10,1000
cslearn+pc (map),0.0642770642077955,5,10,1000
cslearn+pc (map),0.0633674860170883,6,10,1000
cslearn+pc (map),0.4668889178501754,7,10,1000
cslearn+pc (map),0.1412370723174096,8,10,1000
cslearn+pc (map),0.3034606821859501,9,10,1000
cslearn+pc (map),0.4608385753758655,10,10,1000
cslearn+pc (mle),0.1556230678125251,1,10,1000
cslearn+pc (mle),0.1256836537002944,2,10,1000
cslearn+pc (mle),0.145159759205415,3,10,1000
cslearn+pc (mle),0.1966756315539305,4,10,1000
cslearn+pc (mle),0.0728198941014382,5,10,1000
cslearn+pc (mle),0.0633838704146873,6,10,1000
cslearn+pc (mle),0.4669398734239394,7,10,1000
cslearn+pc (mle),0.1411950353046356,8,10,1000
cslearn+pc (mle),0.303485600757891,9,10,1000
cslearn+pc (mle),0.4608588744396397,10,10,1000
cslearn+pc (map),0.2325478748585577,1,10,10000
cslearn+pc (map),0.0699726686992836,2,10,10000
cslearn+pc (map),0.1846134996705519,3,10,10000
cslearn+pc (map),0.0768038548324577,4,10,10000
cslearn+pc (map),0.1636422212350253,5,10,10000
cslearn+pc (map),0.1002626268820606,6,10,10000
cslearn+pc (map),0.1472921428139469,7,10,10000
cslearn+pc (map),0.1222445611524364,8,10,10000
cslearn+pc (map),0.0288268180967184,9,10,10000
cslearn+pc (map),0.173583145842122,10,10,10000
cslearn+pc (mle),0.2325422869916127,1,10,10000
cslearn+pc (mle),0.0699758856238593,2,10,10000
cslearn+pc (mle),0.1846159793606738,3,10,10000
cslearn+pc (mle),0.0768016476148976,4,10,10000
cslearn+pc (mle),0.164962475603785,5,10,10000
cslearn+pc (mle),0.1002615068171286,6,10,10000
cslearn+pc (mle),0.1472938756878096,7,10,10000
cslearn+pc (mle),0.1222421835230694,8,10,10000
cslearn+pc (mle),0.0288249598855369,9,10,10000
cslearn+pc (mle),0.1735836280376986,10,10,10000
cslearn+pc (map),0.6627008863995405,1,15,250
cslearn+pc (map),0.5029481909813748,2,15,250
cslearn+pc (map),0.5202028841485551,3,15,250
cslearn+pc (map),0.3998899409519443,4,15,250
cslearn+pc (map),0.7806949834372707,5,15,250
cslearn+pc (map),0.6580457123070452,6,15,250
cslearn+pc (map),0.8938841988734971,7,15,250
cslearn+pc (map),0.6212305968225363,8,15,250
cslearn+pc (map),0.7342536234580229,9,15,250
cslearn+pc (map),0.7398260208177803,10,15,250
cslearn+pc (mle),0.6720236769970589,1,15,250
cslearn+pc (mle),0.5046392995828898,2,15,250
cslearn+pc (mle),0.5247769589145734,3,15,250
cslearn+pc (mle),0.4007594469621127,4,15,250
cslearn+pc (mle),0.7888385206804763,5,15,250
cslearn+pc (mle),0.6600209272284565,6,15,250
cslearn+pc (mle),0.9190086245997297,7,15,250
cslearn+pc (mle),0.6367831596490396,8,15,250
cslearn+pc (mle),0.7360591867573464,9,15,250
cslearn+pc (mle),0.755213880775121,10,15,250
cslearn+pc (map),0.6378496555293077,1,15,500
cslearn+pc (map),0.3954000186683966,2,15,500
cslearn+pc (map),0.442144315337743,3,15,500
cslearn+pc (map),0.2830172072686324,4,15,500
cslearn+pc (map),0.4698543480998104,5,15,500
cslearn+pc (map),0.5578335293439202,6,15,500
cslearn+pc (map),0.781667834222944,7,15,500
cslearn+pc (map),0.4709474084099125,8,15,500
cslearn+pc (map),0.7619541515327894,9,15,500
cslearn+pc (map),0.6750375957848814,10,15,500
cslearn+pc (mle),0.6393925686879784,1,15,500
cslearn+pc (mle),0.3963568029210635,2,15,500
cslearn+pc (mle),0.4430018719529949,3,15,500
cslearn+pc (mle),0.2831776360475699,4,15,500
cslearn+pc (mle),0.4712198408844833,5,15,500
cslearn+pc (mle),0.5584808242279669,6,15,500
cslearn+pc (mle),0.7874597209014194,7,15,500
cslearn+pc (mle),0.4740008539296262,8,15,500
cslearn+pc (mle),0.762112416681434,9,15,500
cslearn+pc (mle),0.6752014904060548,10,15,500
cslearn+pc (map),0.4655219999713335,1,15,1000
cslearn+pc (map),0.3780816637848735,2,15,1000
cslearn+pc (map),0.2909255047390693,3,15,1000
cslearn+pc (map),0.2353424222659432,4,15,1000
cslearn+pc (map),0.535629670710666,5,15,1000
cslearn+pc (map),0.1780686173282987,6,15,1000
cslearn+pc (map),0.6104866192270013,7,15,1000
cslearn+pc (map),0.4498640231786924,8,15,1000
cslearn+pc (map),0.6824947259314817,9,15,1000
cslearn+pc (map),0.5758152375905392,10,15,1000
cslearn+pc (mle),0.4662171163130465,1,15,1000
cslearn+pc (mle),0.3817826794165439,2,15,1000
cslearn+pc (mle),0.2910310951083591,3,15,1000
cslearn+pc (mle),0.2356512799460896,4,15,1000
cslearn+pc (mle),0.5367046451008013,5,15,1000
cslearn+pc (mle),0.1782308415828526,6,15,1000
cslearn+pc (mle),0.6188082785725904,7,15,1000
cslearn+pc (mle),0.4502389717120577,8,15,1000
cslearn+pc (mle),0.6825210760353412,9,15,1000
cslearn+pc (mle),0.5758946837276946,10,15,1000
cslearn+pc (map),0.3819686104022114,1,15,10000
cslearn+pc (map),0.185875646495199,2,15,10000
cslearn+pc (map),0.2617386100498287,3,15,10000
cslearn+pc (map),0.1687610258068007,4,15,10000
cslearn+pc (map),0.5137312663176317,5,15,10000
cslearn+pc (map),0.2320762686656632,6,15,10000
cslearn+pc (map),0.6107061004832517,7,15,10000
cslearn+pc (map),0.3397610959369092,8,15,10000
cslearn+pc (map),0.5159779575517398,9,15,10000
cslearn+pc (map),0.5044855795891379,10,15,10000
cslearn+pc (mle),0.3819937166931442,1,15,10000
cslearn+pc (mle),0.1858736293700739,2,15,10000
cslearn+pc (mle),0.2617421960537786,3,15,10000
cslearn+pc (mle),0.1688376338169599,4,15,10000
cslearn+pc (mle),0.5137279092541492,5,15,10000
cslearn+pc (mle),0.2320755620783815,6,15,10000
cslearn+pc (mle),0.6107087733097603,7,15,10000
cslearn+pc (mle),0.3397665075455812,8,15,10000
cslearn+pc (mle),0.5159770708707707,9,15,10000
cslearn+pc (mle),0.5044834479738103,10,15,10000
cslearn+pc (map),0.8183904826523101,1,20,250
cslearn+pc (map),0.8402884951787469,2,20,250
cslearn+pc (map),0.8199059525517968,3,20,250
cslearn+pc (map),0.7167373305103796,4,20,250
cslearn+pc (map),0.4121355756392981,5,20,250
cslearn+pc (map),1.1948334240221892,6,20,250
cslearn+pc (map),0.8501898095555581,7,20,250
cslearn+pc (map),1.0670595576616912,8,20,250
cslearn+pc (map),0.8986770225460315,9,20,250
cslearn+pc (map),0.9268373977029174,10,20,250
cslearn+pc (mle),0.8231047752471498,1,20,250
cslearn+pc (mle),0.8412873961522112,2,20,250
cslearn+pc (mle),0.8210833280584495,3,20,250
cslearn+pc (mle),0.7168532593018704,4,20,250
cslearn+pc (mle),0.386793296568688,5,20,250
cslearn+pc (mle),1.1680040120658808,6,20,250
cslearn+pc (mle),0.8150407209480259,7,20,250
cslearn+pc (mle),1.070695780479957,8,20,250
cslearn+pc (mle),0.903361355428149,9,20,250
cslearn+pc (mle),0.928343962812452,10,20,250
cslearn+pc (map),0.894693695235822,1,20,500
cslearn+pc (map),0.6686072691072271,2,20,500
cslearn+pc (map),0.6706343709657363,3,20,500
cslearn+pc (map),0.5371779243307304,4,20,500
cslearn+pc (map),0.3049269104002168,5,20,500
cslearn+pc (map),0.9449045863079076,6,20,500
cslearn+pc (map),0.6310747241736413,7,20,500
cslearn+pc (map),1.0094824737211885,8,20,500
cslearn+pc (map),0.8799486359023685,9,20,500
cslearn+pc (map),0.6877082221996331,10,20,500
cslearn+pc (mle),0.8959336700494789,1,20,500
cslearn+pc (mle),0.669491250796902,2,20,500
cslearn+pc (mle),0.671350783118302,3,20,500
cslearn+pc (mle),0.5378416994425462,4,20,500
cslearn+pc (mle),0.3102326326701039,5,20,500
cslearn+pc (mle),0.9474033883467766,6,20,500
cslearn+pc (mle),0.6107177704882745,7,20,500
cslearn+pc (mle),1.0110905857088193,8,20,500
cslearn+pc (mle),0.8794900492724185,9,20,500
cslearn+pc (mle),0.6844673669571502,10,20,500
cslearn+pc (map),0.5759974514377904,1,20,1000
cslearn+pc (map),0.5768599160774047,2,20,1000
cslearn+pc (map),0.6734384950033179,3,20,1000
cslearn+pc (map),0.5988776590318683,4,20,1000
cslearn+pc (map),0.23052297873733,5,20,1000
cslearn+pc (map),0.7946636901951707,6,20,1000
cslearn+pc (map),0.556668114460267,7,20,1000
cslearn+pc (map),0.792782024377255,8,20,1000
cslearn+pc (map),0.8379465177179086,9,20,1000
cslearn+pc (map),0.6014415975473972,10,20,1000
cslearn+pc (mle),0.5759826017951093,1,20,1000
cslearn+pc (mle),0.577068781266352,2,20,1000
cslearn+pc (mle),0.6737257170545816,3,20,1000
cslearn+pc (mle),0.5996710906631046,4,20,1000
cslearn+pc (mle),0.2314889857874963,5,20,1000
cslearn+pc (mle),0.7949114967739713,6,20,1000
cslearn+pc (mle),0.5566495748726568,7,20,1000
cslearn+pc (mle),0.7897687408942047,8,20,1000
cslearn+pc (mle),0.834676726207341,9,20,1000
cslearn+pc (mle),0.5989565657142285,10,20,1000
cslearn+pc (map),0.2379372771808565,1,20,10000
cslearn+pc (map),0.4347105041543654,2,20,10000
cslearn+pc (map),0.5690304383432899,3,20,10000
cslearn+pc (map),0.4754218876101906,4,20,10000
cslearn+pc (map),0.2279172197891601,5,20,10000
cslearn+pc (map),0.7025858850371715,6,20,10000
cslearn+pc (map),0.4857524870396552,7,20,10000
cslearn+pc (map),0.4468277125020543,8,20,10000
cslearn+pc (map),0.629042556177955,9,20,10000
cslearn+pc (map),0.4882498378515118,10,20,10000
cslearn+pc (mle),0.237888037779702,1,20,10000
cslearn+pc (mle),0.4347181838679911,2,20,10000
cslearn+pc (mle),0.5690285120241041,3,20,10000
cslearn+pc (mle),0.475419700116296,4,20,10000
cslearn+pc (mle),0.2279233379697368,5,20,10000
cslearn+pc (mle),0.7025924556561308,6,20,10000
cslearn+pc (mle),0.4857558992184663,7,20,10000
cslearn+pc (mle),0.4468266049940365,8,20,10000
cslearn+pc (mle),0.6290493963138865,9,20,10000
cslearn+pc (mle),0.488394952638651,10,20,10000
pc (mle),0.0025234033835475,1,5,10000
pc (mle),0.0292113915872484,2,5,10000
pc (mle),0.0079132212495771,3,5,10000
pc (mle),0.0070532185509626,4,5,10000
pc (mle),0.0009389010488758,5,5,10000
pc (mle),0.0010111870903162,6,5,10000
pc (mle),0.0010564865658262,7,5,10000
pc (mle),0.0011773909887228,8,5,10000
pc (mle),0.0290671708120276,9,5,10000
pc (mle),0.0009149222668564,10,5,10000
pc (mle),0.0017818277113854,1,7,10000
pc (mle),0.0133438278893724,2,7,10000
pc (mle),0.0519084473784692,3,7,10000
pc (mle),0.0212067109100817,4,7,10000
pc (mle),0.0041928148392009,5,7,10000
pc (mle),0.0015393285589466,6,7,10000
pc (mle),0.1646829562377453,7,7,10000
pc (mle),0.5038859956235664,8,7,10000
pc (mle),0.0010445360793021,9,7,10000
pc (mle),0.0631728530499008,10,7,10000
pc (mle),0.1821994774409497,1,10,10000
pc (mle),0.0302597424486749,2,10,10000
pc (mle),0.0982833780188363,3,10,10000
pc (mle),0.525947953066249,4,10,10000
pc (mle),0.5706854890055467,5,10,10000
pc (mle),0.0546048624708229,6,10,10000
pc (mle),0.0498038999532505,7,10,10000
pc (mle),0.8018678074661489,8,10,10000
pc (mle),0.0183924809811191,9,10,10000
pc (mle),0.0312202942608232,10,10,10000
pc (mle),5.960673264491095,1,15,10000
pc (mle),4.904232323773843,2,15,10000
pc (mle),4.014470367894918,3,15,10000
pc (mle),3.255327558544705,4,15,10000
pc (mle),6.362962884749253,5,15,10000
pc (mle),3.970854533781385,6,15,10000
pc (mle),3.1241459995452745,7,15,10000
pc (mle),4.415864042186643,8,15,10000
pc (mle),2.46145164667966,9,15,10000
pc (mle),3.980656828704481,10,15,10000
pc (mle),7.153148761844899,1,20,10000
pc (mle),7.022120647525771,2,20,10000
pc (mle),5.06095231326448,3,20,10000
pc (mle),5.668605295393777,4,20,10000
pc (mle),6.253839190278434,5,20,10000
pc (mle),5.51274086614371,6,20,10000
pc (mle),9.522857959698843,7,20,10000
pc (mle),5.759312319258862,8,20,10000
pc (mle),7.068649460227028,9,20,10000
pc (mle),4.763855903672573,10,20,10000
