method,kl_div,seed,p,n,true_max_cvar
cslearn+grasp (mle),0.0735183911701276,1,5,250,2
cslearn+grasp (mle),0.0440920717440248,2,5,250,2
cslearn+grasp (mle),0.0541498782442701,3,5,250,2
cslearn+grasp (mle),0.0590147372825456,4,5,250,2
cslearn+grasp (mle),0.0448665229677448,5,5,250,2
cslearn+grasp (mle),0.0315960707861439,6,5,250,2
cslearn+grasp (mle),0.0672256103615232,7,5,250,2
cslearn+grasp (mle),0.0343117583612676,8,5,250,2
cslearn+grasp (mle),0.0250077725221705,9,5,250,2
cslearn+grasp (mle),0.0520243956569202,10,5,250,2
cslearn+grasp (mle),0.0136301618335169,1,5,1000,2
cslearn+grasp (mle),0.0092860292854651,2,5,1000,2
cslearn+grasp (mle),0.0450214570202852,3,5,1000,2
cslearn+grasp (mle),0.0572156437237205,4,5,1000,2
cslearn+grasp (mle),0.003510991038398,5,5,1000,2
cslearn+grasp (mle),0.0071420422406204,6,5,1000,2
cslearn+grasp (mle),0.0353491377940509,7,5,1000,2
cslearn+grasp (mle),0.0154020024215298,8,5,1000,2
cslearn+grasp (mle),0.0153132646818186,9,5,1000,2
cslearn+grasp (mle),0.0115470498538655,10,5,1000,2
cslearn+grasp (mle),0.1182655651126124,1,7,250,2
cslearn+grasp (mle),0.0352227981913387,2,7,250,2
cslearn+grasp (mle),0.162057434470096,3,7,250,2
cslearn+grasp (mle),0.1427040492035932,4,7,250,2
cslearn+grasp (mle),0.1195624643113931,5,7,250,2
cslearn+grasp (mle),0.0732460856136097,6,7,250,2
cslearn+grasp (mle),0.1208551205090001,7,7,250,2
cslearn+grasp (mle),0.1157734548010457,8,7,250,2
cslearn+grasp (mle),0.1095008561453471,9,7,250,2
cslearn+grasp (mle),0.0516795874839192,10,7,250,2
cslearn+grasp (mle),0.0597656632062856,1,7,1000,2
cslearn+grasp (mle),0.0283463789478595,2,7,1000,2
cslearn+grasp (mle),0.0762218143635396,3,7,1000,2
cslearn+grasp (mle),0.0508315885860294,4,7,1000,2
cslearn+grasp (mle),0.0280408520077267,5,7,1000,2
cslearn+grasp (mle),0.022098279456745,6,7,1000,2
cslearn+grasp (mle),0.0313215740767484,7,7,1000,2
cslearn+grasp (mle),0.014500017387136,8,7,1000,2
cslearn+grasp (mle),0.0197958293030737,9,7,1000,2
cslearn+grasp (mle),0.0208885738830281,10,7,1000,2
cslearn+grasp (mle),0.1721286533183908,1,10,250,2
cslearn+grasp (mle),0.096165477560234,2,10,250,2
cslearn+grasp (mle),0.2323487326356002,3,10,250,2
cslearn+grasp (mle),0.1559881566938592,4,10,250,2
cslearn+grasp (mle),0.2287216382870874,5,10,250,2
cslearn+grasp (mle),0.2605196223720925,6,10,250,2
cslearn+grasp (mle),0.1650089920517676,7,10,250,2
cslearn+grasp (mle),0.1270543294289167,8,10,250,2
cslearn+grasp (mle),0.1133233087421583,9,10,250,2
cslearn+grasp (mle),0.1570513691895596,10,10,250,2
cslearn+grasp (mle),0.0690187338492801,1,10,1000,2
cslearn+grasp (mle),0.0514900775633742,2,10,1000,2
cslearn+grasp (mle),0.0719865610896715,3,10,1000,2
cslearn+grasp (mle),0.1306789694875736,4,10,1000,2
cslearn+grasp (mle),0.0513229150429959,5,10,1000,2
cslearn+grasp (mle),0.0415065822863343,6,10,1000,2
cslearn+grasp (mle),0.0474984436196934,7,10,1000,2
cslearn+grasp (mle),0.0978524356162197,8,10,1000,2
cslearn+grasp (mle),0.0381213738027893,9,10,1000,2
cslearn+grasp (mle),0.0576157840000607,10,10,1000,2
cslearn+grasp (mle),0.4129669575324312,1,15,250,2
cslearn+grasp (mle),0.3956287086157767,2,15,250,2
cslearn+grasp (mle),0.3135584119727607,3,15,250,2
cslearn+grasp (mle),0.4231822047568704,4,15,250,2
cslearn+grasp (mle),0.6254215422879872,5,15,250,2
cslearn+grasp (mle),0.2679561950844126,6,15,250,2
cslearn+grasp (mle),0.3559822131075615,7,15,250,2
cslearn+grasp (mle),0.2848896374385493,8,15,250,2
cslearn+grasp (mle),0.2463063354019282,9,15,250,2
cslearn+grasp (mle),0.3530307364813488,10,15,250,2
cslearn+grasp (mle),0.1119606190417074,1,15,1000,2
cslearn+grasp (mle),0.1312869758632463,2,15,1000,2
cslearn+grasp (mle),0.0882604535276666,3,15,1000,2
cslearn+grasp (mle),0.1220119847466604,4,15,1000,2
cslearn+grasp (mle),0.0537574507513771,5,15,1000,2
cslearn+grasp (mle),0.0823966211965533,6,15,1000,2
cslearn+grasp (mle),0.1055937496524054,7,15,1000,2
cslearn+grasp (mle),0.0912704471506818,8,15,1000,2
cslearn+grasp (mle),0.0609142910040395,9,15,1000,2
cslearn+grasp (mle),0.0631667314266677,10,15,1000,2
cslearn+grasp (mle),0.0788109488423096,1,5,250,3
cslearn+grasp (mle),0.0911723211673367,2,5,250,3
cslearn+grasp (mle),0.1625493079273621,3,5,250,3
cslearn+grasp (mle),0.0384521435535051,4,5,250,3
cslearn+grasp (mle),0.0169422700188051,5,5,250,3
cslearn+grasp (mle),0.1124752434765782,6,5,250,3
cslearn+grasp (mle),0.1033542375886731,7,5,250,3
cslearn+grasp (mle),0.039442103294262,8,5,250,3
cslearn+grasp (mle),0.1202786987223743,9,5,250,3
cslearn+grasp (mle),0.1496594356855885,10,5,250,3
cslearn+grasp (mle),0.0664804844546109,1,5,1000,3
cslearn+grasp (mle),0.0128193439474751,2,5,1000,3
cslearn+grasp (mle),0.0183591703815969,3,5,1000,3
cslearn+grasp (mle),0.006967343027264,4,5,1000,3
cslearn+grasp (mle),0.0048735377330959,5,5,1000,3
cslearn+grasp (mle),0.0794670881830887,6,5,1000,3
cslearn+grasp (mle),0.0477396631478339,7,5,1000,3
cslearn+grasp (mle),0.0243659790759347,8,5,1000,3
cslearn+grasp (mle),0.0833760113897965,9,5,1000,3
cslearn+grasp (mle),0.0257640944696334,10,5,1000,3
cslearn+grasp (mle),0.2674153769878682,1,7,250,3
cslearn+grasp (mle),0.103064303163341,2,7,250,3
cslearn+grasp (mle),0.1481451577394447,3,7,250,3
cslearn+grasp (mle),0.1462464361412372,4,7,250,3
cslearn+grasp (mle),0.1518759364302475,5,7,250,3
cslearn+grasp (mle),0.218263553738148,6,7,250,3
cslearn+grasp (mle),0.1899990913640676,7,7,250,3
cslearn+grasp (mle),0.1440011804869265,8,7,250,3
cslearn+grasp (mle),0.2503527820294651,9,7,250,3
cslearn+grasp (mle),0.2270367359130599,10,7,250,3
cslearn+grasp (mle),0.0973862770469577,1,7,1000,3
cslearn+grasp (mle),0.0126527748362361,2,7,1000,3
cslearn+grasp (mle),0.0402938124898381,3,7,1000,3
cslearn+grasp (mle),0.0298966995830642,4,7,1000,3
cslearn+grasp (mle),0.0928103311630387,5,7,1000,3
cslearn+grasp (mle),0.0432485783079006,6,7,1000,3
cslearn+grasp (mle),0.1116350362247476,7,7,1000,3
cslearn+grasp (mle),0.0433958438919495,8,7,1000,3
cslearn+grasp (mle),0.0471284788143713,9,7,1000,3
cslearn+grasp (mle),0.0715613306049267,10,7,1000,3
cslearn+grasp (mle),0.3858731656004488,1,10,250,3
cslearn+grasp (mle),0.300811039500065,2,10,250,3
cslearn+grasp (mle),0.2770156272782583,3,10,250,3
cslearn+grasp (mle),0.3299000629720042,4,10,250,3
cslearn+grasp (mle),0.3526673488686023,5,10,250,3
cslearn+grasp (mle),0.5180068004475102,6,10,250,3
cslearn+grasp (mle),0.3702408851476146,7,10,250,3
cslearn+grasp (mle),0.3760618870774874,8,10,250,3
cslearn+grasp (mle),0.3726647889034445,9,10,250,3
cslearn+grasp (mle),0.2599255773621747,10,10,250,3
cslearn+grasp (mle),0.1737506715948161,1,10,1000,3
cslearn+grasp (mle),0.138263959014542,2,10,1000,3
cslearn+grasp (mle),0.1206141222914964,3,10,1000,3
cslearn+grasp (mle),0.1215619905434103,4,10,1000,3
cslearn+grasp (mle),0.1058537450652968,5,10,1000,3
cslearn+grasp (mle),0.1122665415623542,6,10,1000,3
cslearn+grasp (mle),0.2328849125731754,7,10,1000,3
cslearn+grasp (mle),0.1627961446459574,8,10,1000,3
cslearn+grasp (mle),0.1253315520914716,9,10,1000,3
cslearn+grasp (mle),0.1097000887647004,10,10,1000,3
cslearn+grasp (mle),0.7583704086721668,1,15,250,3
cslearn+grasp (mle),0.7449089734096495,2,15,250,3
cslearn+grasp (mle),0.8241399632766988,3,15,250,3
cslearn+grasp (mle),0.8300446999891228,4,15,250,3
cslearn+grasp (mle),0.8193749459611829,5,15,250,3
cslearn+grasp (mle),0.604436196867006,6,15,250,3
cslearn+grasp (mle),0.9762045399793512,7,15,250,3
cslearn+grasp (mle),0.4229479073243433,8,15,250,3
cslearn+grasp (mle),0.7822223198591189,9,15,250,3
cslearn+grasp (mle),0.7248505711932318,10,15,250,3
cslearn+grasp (mle),0.5693944716026109,1,15,1000,3
cslearn+grasp (mle),0.3749110038129496,2,15,1000,3
cslearn+grasp (mle),0.4691183878856751,3,15,1000,3
cslearn+grasp (mle),0.3335631228951501,4,15,1000,3
cslearn+grasp (mle),0.3488687192965432,5,15,1000,3
cslearn+grasp (mle),0.2920435179446732,6,15,1000,3
cslearn+grasp (mle),0.572782715927207,7,15,1000,3
cslearn+grasp (mle),0.2202467662438776,8,15,1000,3
cslearn+grasp (mle),0.2688186395845595,9,15,1000,3
cslearn+grasp (mle),0.3512282577049795,10,15,1000,3
cslearn+grasp (mle),0.009908327710936,1,5,250,1
cslearn+grasp (mle),0.0065040147670768,2,5,250,1
cslearn+grasp (mle),0.0176902968507205,3,5,250,1
cslearn+grasp (mle),0.0337021873746723,4,5,250,1
cslearn+grasp (mle),0.0069046764306764,5,5,250,1
cslearn+grasp (mle),0.0519804090305417,6,5,250,1
cslearn+grasp (mle),0.0440310826660593,7,5,250,1
cslearn+grasp (mle),0.0142041032407138,8,5,250,1
cslearn+grasp (mle),0.02915469974349,9,5,250,1
cslearn+grasp (mle),0.0578141707579868,10,5,250,1
cslearn+grasp (mle),0.0026225026089533,1,5,1000,1
cslearn+grasp (mle),0.0068511865988658,2,5,1000,1
cslearn+grasp (mle),0.0076057480078478,3,5,1000,1
cslearn+grasp (mle),0.0184190854837304,4,5,1000,1
cslearn+grasp (mle),0.001622396968154,5,5,1000,1
cslearn+grasp (mle),0.0247759775388328,6,5,1000,1
cslearn+grasp (mle),0.0024179102521237,7,5,1000,1
cslearn+grasp (mle),0.003023709325632,8,5,1000,1
cslearn+grasp (mle),0.0178511886818563,9,5,1000,1
cslearn+grasp (mle),0.0087076176596224,10,5,1000,1
cslearn+grasp (mle),0.0323772654763867,1,7,250,1
cslearn+grasp (mle),0.0262701044394905,2,7,250,1
cslearn+grasp (mle),0.0474589066066696,3,7,250,1
cslearn+grasp (mle),0.041910310105946,4,7,250,1
cslearn+grasp (mle),0.0688786756652218,5,7,250,1
cslearn+grasp (mle),0.0473063560844109,6,7,250,1
cslearn+grasp (mle),0.107436195637398,7,7,250,1
cslearn+grasp (mle),0.0127855465472813,8,7,250,1
cslearn+grasp (mle),0.0357296662910211,9,7,250,1
cslearn+grasp (mle),0.035098927558226,10,7,250,1
cslearn+grasp (mle),0.0070752128133273,1,7,1000,1
cslearn+grasp (mle),0.0123236122527954,2,7,1000,1
cslearn+grasp (mle),0.0191898891049407,3,7,1000,1
cslearn+grasp (mle),0.0092496471366346,4,7,1000,1
cslearn+grasp (mle),0.0054995786623101,5,7,1000,1
cslearn+grasp (mle),0.0246643387472796,6,7,1000,1
cslearn+grasp (mle),0.0083130610744919,7,7,1000,1
cslearn+grasp (mle),0.0055764597673444,8,7,1000,1
cslearn+grasp (mle),0.0115124872992069,9,7,1000,1
cslearn+grasp (mle),0.0183177451355977,10,7,1000,1
cslearn+grasp (mle),0.0473832941524097,1,10,250,1
cslearn+grasp (mle),0.0342766123515523,2,10,250,1
cslearn+grasp (mle),0.0545257191371495,3,10,250,1
cslearn+grasp (mle),0.0942394230404169,4,10,250,1
cslearn+grasp (mle),0.082096387007673,5,10,250,1
cslearn+grasp (mle),0.0924666490314701,6,10,250,1
cslearn+grasp (mle),0.1087482468644885,7,10,250,1
cslearn+grasp (mle),0.0644986810770623,8,10,250,1
cslearn+grasp (mle),0.0838546134325212,9,10,250,1
cslearn+grasp (mle),0.0766693924215866,10,10,250,1
cslearn+grasp (mle),0.0233963534235591,1,10,1000,1
cslearn+grasp (mle),0.0180907210460966,2,10,1000,1
cslearn+grasp (mle),0.011520823685775,3,10,1000,1
cslearn+grasp (mle),0.0298885051847444,4,10,1000,1
cslearn+grasp (mle),0.0055777790111374,5,10,1000,1
cslearn+grasp (mle),0.0340247048232633,6,10,1000,1
cslearn+grasp (mle),0.0216270057422246,7,10,1000,1
cslearn+grasp (mle),0.0173896032902543,8,10,1000,1
cslearn+grasp (mle),0.0167493505058996,9,10,1000,1
cslearn+grasp (mle),0.0192471793015916,10,10,1000,1
cslearn+grasp (mle),0.0668978772913927,1,15,250,1
cslearn+grasp (mle),0.0788319777953942,2,15,250,1
cslearn+grasp (mle),0.1321830478557996,3,15,250,1
cslearn+grasp (mle),0.1521814081452461,4,15,250,1
cslearn+grasp (mle),0.1301713149651436,5,15,250,1
cslearn+grasp (mle),0.080975369727452,6,15,250,1
cslearn+grasp (mle),0.1105921943686597,7,15,250,1
cslearn+grasp (mle),0.120049709995898,8,15,250,1
cslearn+grasp (mle),0.076916706679561,9,15,250,1
cslearn+grasp (mle),0.139784175179847,10,15,250,1
cslearn+grasp (mle),0.0380353148837056,1,15,1000,1
cslearn+grasp (mle),0.0240414879011556,2,15,1000,1
cslearn+grasp (mle),0.0341365438495018,3,15,1000,1
cslearn+grasp (mle),0.0646480069181352,4,15,1000,1
cslearn+grasp (mle),0.0262236917500888,5,15,1000,1
cslearn+grasp (mle),0.0262030018663252,6,15,1000,1
cslearn+grasp (mle),0.0432306212763744,7,15,1000,1
cslearn+grasp (mle),0.044096527331538,8,15,1000,1
cslearn+grasp (mle),0.0456123095452826,9,15,1000,1
cslearn+grasp (mle),0.0467160496014091,10,15,1000,1
